file_name,text
2243.png,Maternal or paternal female parent of one's parents; elderly family member. style arasaac
2255.png,Two men and a woman who share affection and trust. style arasaac
2364.png,"A narrative work presenting events or actions, often in written or visual form. style arasaac"
2389.png,"Compact electric heater with cylindrical body, metal fins, glowing elements, and steam emission style arasaac"
2359.png,"Spiral-bound notebook used for recording notes, observations, or memoranda in education. style arasaac"
2402.png,"Small, flat, sweet baked goods often containing chocolate chips, served as dessert. style arasaac"
2277.png,"Two‑wheel land transport moved by foot pedals, featuring chain‑driven gears. style arasaac"
2354.png,"Electronic device that runs video games, connected to controller and disc media style arasaac"
2356.png,"Transparent drinking vessel with rounded bowl, slender stem, and circular base for beverages. style arasaac"
2254.png,Eight-legged predatory arachnid that spins silk for cocoons and prey traps style arasaac
2398.png,"Thin cellulose sheets used for writing, printing, and other educational purposes. style arasaac"
2256.png,"Tall woody plant with single trunk and branching canopy, rooted in soil. style arasaac"
2278.png,"Wall-mounted bathroom fixture with curved basin, faucet, and flush button for personal hygiene. style arasaac"
2393.png,Tall green pole supporting a lantern‑style fixture that illuminates streets. style arasaac
2355.png,"Green wheeled container with lid for depositing recyclable items, marked by black apple core. style arasaac"
2273.png,"Seaworthy vessel designed for open‑sea travel, carrying passengers or cargo across water. style arasaac"
2418.png,"To find something enjoyable, feeling pleasure and playful approval toward it. style arasaac"
2307.png,"Miniature replica of a dump truck designed for play, featuring colored cab and cargo bed. style arasaac"
2409.png,"Rectangular eraser attached to pencil, white and light‑blue sections, soft pliable material. style arasaac"
2427.png,"Oval reproductive body of a bird, containing yolk and protective shell style arasaac"
2407.png,"Large flexible envelope filled with heated air, carrying a suspended basket for aerial travel style arasaac"
2260.png,Mechanically operated vertical shaft cabin transporting occupants between building floors. style arasaac
2294.png,"Solid-hoofed herbivorous quadruped mammal, domesticated for centuries, used in sport. style arasaac"
2266.png,"Container for serving granulated sugar, often includes a spoon and accompanies sugar cubes. style arasaac"
2424.png,"Large thick-skinned herbivorous mammal inhabiting African riverbanks, floodplains, and wetlands style arasaac"
2341.png,Kitchen appliance with burners and oven used to heat and prepare food style arasaac
2302.png,"A public, paved pathway enabling vehicular travel along a designated route style arasaac"
2271.png,"Wash one's whole body using water, often in a tub or shower. style arasaac"
2425.png,"Social terrestrial insect forming organized colonies; winged males and queen, wingless worker females style arasaac"
2303.png,"Light‑blue garment covering waist to thighs, featuring a wide waistband and three panels. style arasaac"
2376.png,"Develop illness causing discomfort, nausea, or other adverse health symptoms. style arasaac"
2285.png,"Glass enclosure with filament that glows when powered, mounted in fixtures. style arasaac"
2283.png,Outdoor lawn game using biased wooden balls rolled toward a small target ball. style arasaac
2308.png,"Short‑sleeved garment covering upper torso, featuring collar, buttons, and chest pocket. style arasaac"
2406.png,"Small carnivorous mammal with soft fur, pointed ears, whiskers; domesticated pet. style arasaac"
2293.png,Public metal container with slot and keyhole for depositing letters and parcels. style arasaac
2371.png,Wash one's body under a running stream of water from a showerhead. style arasaac
2417.png,Six‑string wooden fretted instrument producing acoustic tones when strummed or plucked style arasaac
2345.png,Perforated bowl with handle used to separate or grade powdered ingredients. style arasaac
2306.png,Heavy-duty road vehicle with enclosed cargo area for transporting goods. style arasaac
2326.png,"Use a toothbrush to clean teeth, applying toothpaste in a regular oral hygiene routine. style arasaac"
2377.png,"Mixed greens and vegetables tossed with dressing, served as a fresh dish. style arasaac"
2239.png,"Hairy-bodied black‑and‑yellow striped insect with translucent wings, antennae, and pollinating work. style arasaac"
2362.png,"A utensil with a shallow bowl and handle for stirring, serving, or scooping food. style arasaac"
2257.png,"Arboreal rodent with long bushy tail, herbivorous, viviparous, terrestrial mammal. style arasaac"
2311.png,"Loose sleeveless dress for women’s bedtime, featuring fitted bodice and flared skirt. style arasaac"
2333.png,"Vertical flue projecting from a roof, channeling fire smoke out of a building. style arasaac"
2404.png,"Domesticated bird raised for meat and eggs, bright plumage, red comb, blue tail. style arasaac"
2375.png,Female healthcare professional providing skilled care to patients and young children under physician guidance style arasaac
2386.png,"Horizontal planes attached to a frame, providing support for placed objects style arasaac"
2391.png,"Garment piece hanging from waist, covering lower torso, often pleated or flared. style arasaac"
2279.png,"Women's two-piece pink swimsuit with halter top, tied straps, low‑rise bottom, side ties style arasaac"
2320.png,Long-handled spoon with shallow bowl used to transfer and serve liquid foods style arasaac
2284.png,"Portable fashion accessory with curved handle, holding money and small personal items. style arasaac"
2318.png,Pair of handheld wooden percussion pieces clicked together to keep rhythm in dance. style arasaac
2369.png,"Enter a restful state of unconsciousness, fulfilling basic physiological need and routine. style arasaac"
2322.png,optical storage disc that holds digital data accessed by laser readout style arasaac
2348.png,Apply colored liquid to a surface to create or enhance visual appearance. style arasaac
2343.png,"Large aquatic reptile with long snout, powerful jaws, sharp teeth, bony armor. style arasaac"
2392.png,"Primary social group of father, mother, son, and daughter sharing kinship. style arasaac"
2244.png,"Male elderly family member who is the father of one's parent, embodying warm wisdom. style arasaac"
2379.png,"Series of ascending steps with handrail, providing vertical passage within a building style arasaac"
2246.png,"Liquid edible fat extracted from olives, used as cooking and salad condiment. style arasaac"
2347.png,"Ornamental necklace encircling the neck, often jeweled, traditionally worn by women. style arasaac"
2323.png,"Layered bulbous vegetable with aromatic flavor, green shoots sprout from its top. style arasaac"
2385.png,Polished oval surface that forms images by reflecting light; decorative object. style arasaac
2358.png,"Golden-brown layered buttery pastry shaped like a crescent, known for flaky texture. style arasaac"
2327.png,"Domesticated omnivorous mammal with rounded pink body, small ears, curly tail, four legs. style arasaac"
2295.png,"Agile bearded ruminant mammal with straight horns, herbivorous, domesticated for milk. style arasaac"
2315.png,"Emit melodic vocal tones, expressing emotion, often accompanied by musical notes style arasaac"
2344.png,Self‑propelled vehicle using rocket engines to ascend through atmosphere into space. style arasaac
2342.png,"Prepare food by applying heat, often stirring or simmering to create a ready meal. style arasaac"
2374.png,"Intense feeling of hostility, marked by furrowed brows, narrowed eyes, and clenched jaw. style arasaac"
2274.png,Electric hand-held kitchen appliance that combines ingredients using rotating beaters. style arasaac
2259.png,Combination of cooked white rice topped with seasoned red tomato sauce. style arasaac
2361.png,A cylindrical open‑top container and a sturdy handheld shovel for beach or gardening play style arasaac
2405.png,"Round white legume seed used in stews with vegetables, meat or fish. style arasaac"
2305.png,Single‑humped desert camel native to northern Africa and southwestern Asia style arasaac
2337.png,"Large graceful freshwater bird with long neck, white plumage, orange beak, herbivorous. style arasaac"
2366.png,"A waist‑tied garment of cloth, leather, or plastic protecting clothing during work. style arasaac"
2314.png,A state of depleted strength and energy causing sluggish movement and reduced alertness style arasaac
2268.png,"Large marine mammal with streamlined body, blowhole breathing, omnivorous, viviparous. style arasaac"
2414.png,Mounted faucet with handle that regulates water flow through a spout into sinks or walls style arasaac
2338.png,"Trademarked carbonated soft drink flavored with kola nut extract, iconic red branding. style arasaac"
2292.png,Yellow public mailbox with rectangular slot and crown emblem for depositing mail style arasaac
2397.png,"Marine mammal with streamlined body, flippers, whiskers; breeds on shore in cold seas. style arasaac"
2245.png,"Inducing mental fatigue through unvarying, unengaging content that fails to capture attention. style arasaac"
2367.png,"Sharp bodily sensation indicating tissue damage, often accompanied by distress and physiological response style arasaac"
2413.png,Handheld device that drives metal staples through papers to bind them together style arasaac
2282.png,Writing instrument using a rotating metal ball to transfer ink onto paper style arasaac
2403.png,"Adult female chicken, domesticated bird with red comb, yellow beak, and feathered tail style arasaac"
2429.png,Steeping or soaking a substance in liquid to extract flavors or active compounds. style arasaac
2394.png,"Small decorative sculpture representing a bodily form, often artistic and crafted from materials. style arasaac"
2384.png,"Edible plant shoots, green tips and pale elongated stems, cooked as vegetable. style arasaac"
2346.png,Thick padded rectangular surface used for gymnastics and other indoor sports activities. style arasaac
2368.png,"Sweet fried ring-shaped cake with hole, often glazed and sprinkled. style arasaac"
2363.png,Long-handled spoon-shaped vessel used to scoop and transfer liquids in cooking. style arasaac
2410.png,"Largest terrestrial herbivorous ape from central‑west African forests, robust, brown‑furred. style arasaac"
2401.png,Experiences shivers and intense discomfort when exposed to low temperatures. style arasaac
2380.png,Mark symbols on a surface to convey language or ideas through written expression. style arasaac
2336.png,"Leather strap with buckle, worn around waist to secure clothing. style arasaac"
2310.png,"Collarless male garment covering torso, worn beneath other clothing or alone. style arasaac"
2262.png,Large road vehicle that transports many passengers on public routes. style arasaac
2381.png,"Perceive sounds through the auditory system, attending to spoken or ambient noises. style arasaac"
2319.png,"Short outer garment with collar, zipper, pockets, and decorative trim. style arasaac"
2250.png,Soft rectangular cushion for supporting a sleeping person's head during rest. style arasaac
2325.png,"Transparent adhesive tape, typically beige, dispensed from a green plastic holder for sealing. style arasaac"
2400.png,Sweet red fleshy fruit with tiny seeds and green leafy cap style arasaac
2332.png,"Coordinated jacket and pants of same fabric, styled for athletic or casual wear. style arasaac"
2275.png,"A newborn human, typically up to one year, dependent and still developing. style arasaac"
2328.png,Breakfast food consisting of processed grain pieces served in a bowl with milk style arasaac
2390.png,Heavy tracked machine with articulated arm and bucket for digging and moving earth. style arasaac
2286.png,"Eliminate pencil marks by rubbing with an eraser, clearing the surface. style arasaac"
2288.png,Glass or plastic cylindrical container with a narrow neck for storing liquids. style arasaac
2378.png,"Electronic apparatus comprising a console and speakers that records, processes, and reproduces audio style arasaac"
2287.png,"High rubber footwear covering foot and ankle, often worn for wet conditions. style arasaac"
2349.png,"To take in solid food by chewing and swallowing, fulfilling nutritional needs. style arasaac"
2324.png,"African equine with black and white stripes, herbivorous, terrestrial, viviparous mammal style arasaac"
2372.png,"Large gray mammalian pachyderm with five toes, trunk, tusks, herbivorous diet style arasaac"
2423.png,Male sibling sharing both parents with another person within a family. style arasaac
2289.png,"Short undergarments for females covering hips and pelvis, often made of soft fabric. style arasaac"
2253.png,"Parabolic reflector antenna mounted on a stand, directing microwave or radio signals upward. style arasaac"
2353.png,"Resident attendant who manages building entry, mail, maintenance, and guest services. style arasaac"
2270.png,"Form‑fitting orange one‑piece garment with white side stripes, designed for swimming. style arasaac"
2352.png,"Feeling lost, thoughts tangled, unable to discern clarity or direction, experiencing mental disorientation. style arasaac"
2251.png,"Emergency vehicle transporting patients to and from hospitals, marked with red cross. style arasaac"
2370.png,Plumbing fixture that sprays water in a diagonal stream for bathing. style arasaac
2316.png,"Edible animal flesh, including fish, birds, and other species, used as food. style arasaac"
